chainCode,iataCode,dupeId,name,hotelId,geoCode,address,giataId,lastUpdate
AR,MAD,700025872,AC BY MARRIOTT ALCALA DE HENAR,ARMADALC,"{'latitude': 40.5028, 'longitude': -3.36574}",{'countryCode': 'ES'},49342,2023-06-15T09:53:25
AR,MAD,700025393,AC BY MARRIOTT GUADALAJARA,ARMADGUA,"{'latitude': 40.63472, 'longitude': -3.17281}",{'countryCode': 'ES'},48764,2023-06-15T09:53:25
AR,MAD,700142091,AC BY MARRIOTT HOTEL ATOCHA,ARMADATO,"{'latitude': 40.40393, 'longitude': -3.68976}",{'countryCode': 'ES'},228494,2023-06-15T10:19:04
AR,MAD,700032826,AC BY MARRIOTT COSLADA AEROPUE,ARMADCOS,"{'latitude': 40.44518, 'longitude': -3.54075}",{'countryCode': 'ES'},60623,2023-06-15T09:52:54
AR,MAD,700025394,AC BY MARRIOTT HOTEL ARAVACA,ARMADACH,"{'latitude': 40.46466, 'longitude': -3.78494}",{'countryCode': 'ES'},48765,2023-06-15T09:59:26
AR,MAD,700024391,AC BY MARRIOTT AVENIDA AMERICA,ARMADAVE,"{'latitude': 40.43804, 'longitude': -3.67244}",{'countryCode': 'ES'},47176,2023-06-15T09:53:09
AR,MAD,700025974,AC BY MARRIOTT LOS VASCOS,ARMADVAS,"{'latitude': 40.44901, 'longitude': -3.71128}",{'countryCode': 'ES'},49455,2023-06-15T09:52:38
AR,MAD,700025809,AC BY MARRIOTT HOTEL CUZCO,ARMADCUZ,"{'latitude': 40.45856, 'longitude': -3.69038}",{'countryCode': 'ES'},49269,2023-06-15T09:52:38
AR,MAD,700017113,AC BY MARRIOTT HOTEL AITANA,ARMADAIT,"{'latitude': 40.45606, 'longitude': -3.68986}",{'countryCode': 'ES'},29740,2023-06-15T09:59:10
AR,MAD,700024508,AC CARLTON MADRID,ARMADCAR,"{'latitude': 40.40516, 'longitude': -3.69347}",{'countryCode': 'ES'},47348,2023-06-15T10:16:43
AR,MAD,700046865,AC BY MARRIOTT HOTEL RECOLETOS,ARMADREC,"{'latitude': 40.42156, 'longitude': -3.68946}",{'countryCode': 'ES'},85737,2023-06-15T09:53:09
AR,MAD,700045200,AC BY MARRIOTT HOTEL MADRID FE,ARMADFER,"{'latitude': 40.47578, 'longitude': -3.63639}",{'countryCode': 'ES'},82763,2023-06-15T09:52:06
AR,MAD,700042760,AC BY MARRIOTT HOTEL LA FINCA,ARMADFIN,"{'latitude': 40.42114, 'longitude': -3.80455}",{'countryCode': 'ES'},77861,2023-06-15T09:52:22
AR,MAD,700034056,AC BY MARRIOTT SAN SEBASTIAN,ARMADSEB,"{'latitude': 40.54692, 'longitude': -3.61306}",{'countryCode': 'ES'},63191,2023-06-15T09:53:09
BN,MAD,700041454,BARCELO ARANJUEZ,BNMAD770,"{'latitude': 40.05695, 'longitude': -3.60508}",{'countryCode': 'ES'},75608,2023-06-15T09:52:06
BN,MAD,700054349,BARCELO CASTELLANA NORTE,BNMADCST,"{'latitude': 40.48832, 'longitude': -3.66934}",{'countryCode': 'ES'},100654,2023-06-15T10:10:26
BN,MAD,700041080,BARCELO TORRE ARIAS,BNMAD943,"{'latitude': 40.43416, 'longitude': -3.63061}",{'countryCode': 'ES'},74882,2023-06-15T09:53:09
BW,MAD,700062207,BEST WESTERN HOTEL TRAFALGAR,BWMAD214,"{'latitude': 40.4341, 'longitude': -3.70165}",{'countryCode': 'ES'},111773,2023-06-15T09:52:06
BW,MAD,700046025,BEST WESTERN VILLA DE BARAJAS,BWMAD186,"{'latitude': 40.41829, 'longitude': -3.7054}",{'countryCode': 'ES'},83937,2023-06-15T09:52:54
BW,MAD,700009576,BEST WESTERN  HOTEL LOS CONDES,BWMAD200,"{'latitude': 40.42193, 'longitude': -3.70645}",{'countryCode': 'ES'},16485,2023-06-15T09:52:54
BW,MAD,700005766,BEST WESTERN HOTEL CARLOS V,BWMAD119,"{'latitude': 40.41829, 'longitude': -3.7054}",{'countryCode': 'ES'},9758,2023-06-15T09:52:06
CA,MAD,700080651,CONFORTEL ATRIUM,CAMAD914,"{'latitude': 40.44766, 'longitude': -3.65501}",{'countryCode': 'ES'},137697,2023-06-15T10:12:32
CA,MAD,700020273,CONFORTEL SUITES MADRID,CAMADCOM,"{'latitude': 40.44759, 'longitude': -3.66906}",{'countryCode': 'ES'},36113,2023-06-15T10:12:32
CA,MAD,700024460,CONFORTEL PIO XII,CAMADXII,"{'latitude': 40.46578, 'longitude': -3.67566}",{'countryCode': 'ES'},47266,2023-06-15T10:12:47
CA,MAD,700027762,CONFORTEL ALCALA NORTE,CAMADANC,"{'latitude': 40.43728, 'longitude': -3.62106}",{'countryCode': 'ES'},51917,2023-06-15T10:12:32
CH,MAD,700027881,HOTEL FRANCISCO I,CHMADHFR,"{'latitude': 40.41742, 'longitude': -3.7071}",{'countryCode': 'ES'},52063,2023-06-15T09:52:06
CH,MAD,700135278,PRADO APARTMENTS,CHMADHOT,"{'latitude': 40.41297, 'longitude': -3.69665}",{'countryCode': 'ES'},215720,2023-06-15T09:52:22
CP,MAD,700147089,CROWNE PLAZA MADRID AIRPORT,CPMAD668,"{'latitude': 40.44736, 'longitude': -3.54262}",{'countryCode': 'ES'},236460,2023-06-15T10:19:52
DH,MAD,700047209,REYES CATOLICOS,DHMADATX,"{'latitude': 40.40985, 'longitude': -3.71305}",{'countryCode': 'ES'},86364,2023-06-15T10:25:07
DH,MAD,700025743,CANTABRICO,DHMADATW,"{'latitude': 40.40535, 'longitude': -3.75089}",{'countryCode': 'ES'},49186,2023-06-15T10:25:07
DH,MAD,700081168,ALCALA PLAZA,DHMADATT,"{'latitude': 40.37587, 'longitude': -3.6831}",{'countryCode': 'ES'},138410,2023-06-15T10:22:13
DH,MAD,700056704,CONVENCION BARAJAS,DHMADATV,"{'latitude': 40.45167, 'longitude': -3.59549}",{'countryCode': 'ES'},104084,2023-06-15T10:25:07
DH,MAD,700183196,ACTA MADFOR,DHMADAUH,"{'latitude': 40.42142, 'longitude': -3.72171}",{'countryCode': 'ES'},301462,2023-06-15T10:29:02
DH,MAD,700094541,ABALU,DHMADATU,"{'latitude': 40.42, 'longitude': -3.71}",{'countryCode': 'ES'},156614,2023-06-15T10:15:40
DH,MAD,700148092,HOTEL PETIT PALACE SANTA BARBARA,DHMADAUN,"{'latitude': 40.42645, 'longitude': -3.69635}",{'countryCode': 'ES'},237831,2023-06-15T10:31:08
DH,MAD,700005853,CASON DEL TORMES,DHMADATY,"{'latitude': 40.42028, 'longitude': -3.70577}",{'countryCode': 'ES'},10138,2023-06-15T10:25:38
DS,MAD,700032747,HOTEL URBAN,DSMADURB,"{'latitude': 40.41646, 'longitude': -3.69822}",{'countryCode': 'ES'},60488,2023-06-15T09:52:23
EP,MAD,700034057,HOTEL MENINAS,EPMADMEN,"{'latitude': 40.41912, 'longitude': -3.70931}",{'countryCode': 'ES'},63192,2023-06-15T09:53:10
FA,MAD,502289814,TEST HOTEL COVID MEASURES TAKEN         ,FAMAD128,"{'latitude': 0.0, 'longitude': 0.0}",{'countryCode': 'ES'},0,2023-06-15T10:22:29
HA,MAD,700026436,HOTEL DON MANUEL-ARANJUEZ,HAMADDON,"{'latitude': 40.03609, 'longitude': -3.59874}",{'countryCode': 'ES'},50062,2023-06-15T09:52:23
HA,MAD,700026764,PUERTA DE GREDOS - BARCO DE AVILA,HAMADGRE,"{'latitude': 40.35304, 'longitude': -5.52163}",{'countryCode': 'ES'},50486,2023-06-15T10:12:01
HA,MAD,700116906,H2 AVILA,HAMADAVI,"{'latitude': 40.66355, 'longitude': -4.67997}",{'countryCode': 'ES'},182222,2023-06-15T10:03:38
HA,MAD,700025937,TH BOADILLA,HAMADBOA,"{'latitude': 40.39439, 'longitude': -3.85119}",{'countryCode': 'ES'},49415,2023-06-15T10:12:17
HA,MAD,700056596,ALFONSO VIII-CUENCA,HAMADALF,"{'latitude': 40.06657, 'longitude': -2.13325}",{'countryCode': 'ES'},103936,2023-06-15T09:52:23
HA,MAD,700055688,TORREMANGANA - CUENCA,HAMADH10,"{'latitude': 40.07512, 'longitude': -2.13965}",{'countryCode': 'ES'},102603,2023-06-15T09:55:47
HA,MAD,700078771,H2 FUENLABRADA,HAMADH2F,"{'latitude': 40.27447, 'longitude': -3.75501}",{'countryCode': 'ES'},134365,2023-06-15T10:29:18
HA,MAD,700026437,SIDORME FUENCARRAL,HAMADFUE,"{'latitude': 40.42356, 'longitude': -3.70066}",{'countryCode': 'ES'},50063,2023-06-15T11:20:55
HA,MAD,700094503,IRIS - GUADALAJARA,HAMADIRI,"{'latitude': 40.41604, 'longitude': -3.69961}",{'countryCode': 'ES'},156571,2023-06-15T10:27:13
HA,MAD,700025943,ALCARRIA - GUADALAJARA,HAMADRIA,"{'latitude': 40.62252, 'longitude': -3.15848}",{'countryCode': 'ES'},49421,2023-06-15T09:55:47
HA,MAD,700081571,GRAN HOTEL ALMENAR,HAMADROZ,"{'latitude': 40.55002, 'longitude': -3.8992}",{'countryCode': 'ES'},138930,2023-06-15T09:52:07
HA,MAD,700183196,HOTEL ACTA MADFOR,HAMADANT,"{'latitude': 40.47961, 'longitude': -3.36505}",{'countryCode': 'ES'},301462,2023-06-15T09:52:23
HA,MAD,700082856,APARTHOTEL ANDROMEDA,HAMADAND,"{'latitude': 40.42864, 'longitude': -3.69469}",{'countryCode': 'ES'},141011,2023-06-15T09:52:07
HA,MAD,700094551,ISIS HOTEL,HAMADISI,"{'latitude': 40.38861, 'longitude': -3.70009}",{'countryCode': 'ES'},156625,2023-06-15T09:51:35
HA,MAD,700189387,HOTEL EXE MONCLOA,HAMADMON,"{'latitude': 40.43401, 'longitude': -3.71784}",{'countryCode': 'ES'},365547,2023-06-15T10:28:16
HA,MAD,700026804,EUROSTARS GRAN MADRID - ALCOBENDAS,HAMADGRA,"{'latitude': 40.526, 'longitude': -3.62439}",{'countryCode': 'ES'},50539,2023-06-15T09:52:07
HA,MAD,700033759,HOTEL CLEMENT BARAJAS,HAMADCLE,"{'latitude': 40.47106, 'longitude': -3.58004}",{'countryCode': 'ES'},62687,2023-06-15T10:29:34
HA,MAD,700037938,INFANTA MERCEDES HOTEL,HAMADMER,"{'latitude': 40.45794, 'longitude': -3.69865}",{'countryCode': 'ES'},68590,2023-06-15T10:13:19
HA,MAD,700141818,AGORA JUAN DE AUSTRIA HOTEL,HAMADAGO,"{'latitude': 40.43179, 'longitude': -3.6991}",{'countryCode': 'ES'},228062,2023-06-15T10:17:30
HA,MAD,700218670,HOTEL VALDEMORO,HAMADVAL,"{'latitude': 40.19163, 'longitude': -3.68132}",{'countryCode': 'ES'},403322,2023-06-15T11:05:21
HA,MAD,700026439,HOTEL VIA LUSITANA,HAMADEGI,"{'latitude': 40.42139, 'longitude': -3.67268}",{'countryCode': 'ES'},50065,2023-06-15T09:52:23
HA,MAD,700032864,EUROSTARS ZARZUELA PARK,HAMADZAR,"{'latitude': 40.46794, 'longitude': -3.76689}",{'countryCode': 'ES'},60668,2023-06-15T09:52:23
HA,MAD,700189386,EUROSTARS PLAZA MAYOR,HAMADPLM,"{'latitude': 40.39464, 'longitude': -3.7377}",{'countryCode': 'ES'},365546,2023-06-15T10:29:03
HA,MAD,700189967,U HOSTELS,HAMADUHO,"{'latitude': 40.42803, 'longitude': -3.69828}",{'countryCode': 'ES'},367172,2023-06-15T10:26:41
HA,MAD,700032281,HOSTAL RESIDENCIA DON DIEGO,HAMADHDD,"{'latitude': 40.42702, 'longitude': -3.68397}",{'countryCode': 'ES'},59539,2023-06-15T10:28:00
HA,MAD,700046814,HOTEL FC VILLALBA,HAMADLUX,"{'latitude': 40.65021, 'longitude': -4.00844}",{'countryCode': 'ES'},85667,2023-06-15T10:30:21
HA,MAD,700083069,ORION,HAMADORI,"{'latitude': 40.43486, 'longitude': -3.68503}",{'countryCode': 'ES'},141470,2023-06-15T09:53:26
HA,MAD,700188470,HOSTAL BUELTA,HAMADBUE,"{'latitude': 40.39439, 'longitude': -3.85119}",{'countryCode': 'ES'},363394,2023-06-15T10:28:16
HA,MAD,700032828,MEDIUM CORTEZO HOTEL,HAMADMED,"{'latitude': 40.41359, 'longitude': -3.70376}",{'countryCode': 'ES'},60625,2023-06-15T10:11:45
HA,MAD,700133054,HOTEL VITA INGLES,HAMADING,"{'latitude': 40.41604, 'longitude': -3.69961}",{'countryCode': 'ES'},211761,2023-06-15T11:10:32
HA,MAD,700045208,SUITES 33,HAMADS33,"{'latitude': 40.42213, 'longitude': -3.71053}",{'countryCode': 'ES'},82773,2023-06-15T09:52:23
HA,MAD,700025588,HOTEL REGENTE,HAMADGEN,"{'latitude': 40.41951, 'longitude': -3.70436}",{'countryCode': 'ES'},48998,2023-06-15T09:52:07
HA,MAD,700025257,CONVENCION HOTEL,HAMADCON,"{'latitude': 40.42139, 'longitude': -3.67268}",{'countryCode': 'ES'},48585,2023-06-15T10:17:30
HA,MAD,700025848,VIA CASTELLANA,HAMADCAP,"{'latitude': 40.46732, 'longitude': -3.6886}",{'countryCode': 'ES'},49317,2023-06-15T10:03:07
HA,MAD,700070718,EUROSTARS MADRID TOWER,HAMADTOW,"{'latitude': 40.47988, 'longitude': -3.68563}",{'countryCode': 'ES'},122577,2023-06-15T09:50:49
HA,MAD,700022917,FLORIDA NORTE,HAMADFLO,"{'latitude': 40.4213, 'longitude': -3.72117}",{'countryCode': 'ES'},40952,2023-06-15T09:52:07
HA,MAD,700166052,APARTAMENTOS LAS LETRAS,HAMADLET,"{'latitude': 40.41306, 'longitude': -3.70001}",{'countryCode': 'ES'},267284,2023-06-15T10:31:08
HA,MAD,700056706,APT. TURISTICOS PRINCIPE 11,HAMADPRI,"{'latitude': 40.41575, 'longitude': -3.70026}",{'countryCode': 'ES'},104086,2023-06-15T09:52:23
HA,MAD,700156307,DORMIRDCINE HOTEL,HAMADCIN,"{'latitude': 40.43606, 'longitude': -3.67923}",{'countryCode': 'ES'},249673,2023-06-15T10:19:52
HA,MAD,700094559,HOTEL TACH MADRID AIRPORT,HAMADTAC,"{'latitude': 40.4729, 'longitude': -3.58509}",{'countryCode': 'ES'},156633,2023-06-15T10:29:34
HA,MAD,700116902,COMPOSTELA SUITES,HAMADCOM,"{'latitude': 40.44767, 'longitude': -3.5803}",{'countryCode': 'ES'},182218,2023-06-15T09:43:28
HA,MAD,700138646,HOTEL EMPERATRIZ-OCANA,HAMADEMP,"{'latitude': 40.42139, 'longitude': -3.67268}",{'countryCode': 'ES'},221870,2023-06-15T10:03:23
HA,MAD,700025744,CIUDAD DE PARLA HOTEL,HAMADCDP,"{'latitude': 40.24034, 'longitude': -3.74997}",{'countryCode': 'ES'},49188,2023-06-15T10:18:17
HA,MAD,700045199,LAS ARTES,HAMADART,"{'latitude': 40.24927, 'longitude': -3.68531}",{'countryCode': 'ES'},82762,2023-06-15T09:52:07
HA,MAD,700026438,PLAZA DE SANTIAGO - PINTO,HAMADPDS,"{'latitude': 40.24528, 'longitude': -3.70063}",{'countryCode': 'ES'},50064,2023-06-15T09:52:07
HA,MAD,700026655,POSADAS DE ESPANA PINTO,HAMADPIN,"{'latitude': 40.26305, 'longitude': -3.69187}",{'countryCode': 'ES'},50348,2023-06-15T10:19:52
HA,MAD,700022880,EUROSTARS PLAZA ACUEDUCTO - SEGOVIA,HAMADPLA,"{'latitude': 40.94802, 'longitude': -4.11652}",{'countryCode': 'ES'},40904,2023-06-15T09:53:26
HA,MAD,700041300,CANDIDO - SEGOVIA,HAMADDID,"{'latitude': 40.42139, 'longitude': -3.67268}",{'countryCode': 'ES'},75341,2023-06-15T10:15:56
HA,MAD,700083074,PALACIO SAN FACUNDO - SEGOVIA,HAMADFAC,"{'latitude': 40.42139, 'longitude': -3.67268}",{'countryCode': 'ES'},141480,2023-06-15T09:46:21
HA,MAD,700055914,BE SMART TALAVERA - TALAVERA DE LA REINA,HAMADTLV,"{'latitude': 39.96233, 'longitude': -4.82533}",{'countryCode': 'ES'},102944,2023-06-15T10:20:39
HA,MAD,700025344,MAYORAL - TOLEDO,HAMADMAY,"{'latitude': 40.41306, 'longitude': -3.70001}",{'countryCode': 'ES'},48707,2023-06-15T09:52:23
HA,MAD,700022886,MARIA CRISTINA - TOLEDO,HAMADMAC,"{'latitude': 39.8667, 'longitude': -4.02262}",{'countryCode': 'ES'},40910,2023-06-15T09:52:07
HA,MAD,700028530,CASONA DE LA REYNA - TOLEDO,HAMADRES,"{'latitude': 40.94308, 'longitude': -4.11092}",{'countryCode': 'ES'},53153,2023-06-15T10:10:11
HA,MAD,700030489,EUROSTARS TOLEDO - TOLEDO,HAMADTOL,"{'latitude': 39.87304, 'longitude': -4.02405}",{'countryCode': 'ES'},56250,2023-06-15T09:52:54
HA,MAD,501902924,HOTEL TORREJON,HAMADTOR,"{'latitude': 40.45935, 'longitude': -3.46347}",{'countryCode': 'ES'},0,2023-06-15T11:21:05
HA,MAD,700164758,POSADAS DE ESPANA ASSET - TORREJON ARDOZ,HAMADPOS,"{'latitude': 40.45586, 'longitude': -3.47897}",{'countryCode': 'ES'},265077,2023-06-15T11:08:13
HA,MAD,700220016,HACIENDA CASTELLAR-VILLARRUBIA SANTIAGO,HAMADHCA,"{'latitude': 40.526, 'longitude': -3.62439}",{'countryCode': 'ES'},405066,2023-06-15T11:07:08
HI,MAD,700132319,EXP BY HOLIDAY INN GETAFE,HIMAD2B3,"{'latitude': 40.27109, 'longitude': -3.70092}",{'countryCode': 'ES'},210563,2023-06-15T10:03:07
HI,MAD,700051474,HOLIDAY INN EX MADRID AIRPORT,HIMAD16F,"{'latitude': 40.44944, 'longitude': -3.56643}",{'countryCode': 'ES'},93905,2023-06-15T09:52:23
HI,MAD,700025740,HOLIDAY INN  BERNABEU,HIMAD765,"{'latitude': 40.45094, 'longitude': -3.69394}",{'countryCode': 'ES'},49182,2023-06-15T09:52:39
HI,MAD,700043904,HOLIDAY INN EXPRESS MADRID-ALC,HIMAD428,"{'latitude': 40.35286, 'longitude': -3.82984}",{'countryCode': 'ES'},79972,2023-06-15T09:52:23
HI,MAD,700043962,HOLIDAY INN EXP ALCOBENDAS,HIMAD71A,"{'latitude': 40.52699, 'longitude': -3.65298}",{'countryCode': 'ES'},80072,2023-06-15T09:53:26
HL,MAD,700059251,HILTON MADRID AIRPORT,HLMAD100,"{'latitude': 40.45003, 'longitude': -3.60329}",{'countryCode': 'ES'},107579,2023-06-15T09:52:23
HN,MAD,502338698,TEST PROPERTY FOR OPT SERVICES4,HNMADLKO,"{'latitude': 40.42748, 'longitude': -3.68502}",{'countryCode': 'ES'},0,2023-06-15T11:10:11
HN,MAD,502338696,TEST PROPERTY FOR OPT SERVICES6,HNMADFTC,"{'latitude': 40.42748, 'longitude': -3.68502}",{'countryCode': 'ES'},0,2023-06-15T11:10:11
HN,MAD,502338697,TEST PROPERTY FOR OPT SERVICES5,HNMADCSH,"{'latitude': 40.42748, 'longitude': -3.68502}",{'countryCode': 'ES'},0,2023-06-15T11:10:32
HN,MAD,502338694,TEST PROPERTY FOR OPT SERVICES11,HNMADHFG,"{'latitude': 40.42748, 'longitude': -3.68502}",{'countryCode': 'ES'},0,2023-06-15T11:10:32
HN,MAD,502338802,TEST PROP,HNMADHEM,"{'latitude': 0.0, 'longitude': 0.0}",{'countryCode': 'ES'},0,2023-06-15T11:07:30
HN,MAD,502338668,HOT OPT TEST PROP TST,HNMADUMV,"{'latitude': 0.0, 'longitude': 0.0}",{'countryCode': 'ES'},0,2023-06-15T11:11:26
HN,MAD,502338690,HOTEL MGM,HNMADXEB,"{'latitude': 40.42748, 'longitude': -3.68502}",{'countryCode': 'ES'},0,2023-06-15T11:11:15
HN,MAD,502338689,TEST PROPERTY FOR OPT SERVICES1,HNMADUMS,"{'latitude': 40.42748, 'longitude': -3.68502}",{'countryCode': 'ES'},0,2023-06-15T11:11:15
HN,MAD,502338692,TEST PROPERTY FOR OPT SERVICES3,HNMADYOH,"{'latitude': 40.42748, 'longitude': -3.68502}",{'countryCode': 'ES'},0,2023-06-15T10:29:50
HN,MAD,502338570,HOT TEST WBS,HNMAD799,"{'latitude': 29.9, 'longitude': 28.6}",{'countryCode': 'ES'},0,2023-06-15T11:05:21
HN,MAD,502344900,HOT TEST PROP FOR LKP,HNMAD900,"{'latitude': 1.26, 'longitude': -7.8}",{'countryCode': 'ES'},0,2023-06-15T11:06:37
HN,MAD,502338691,TEST PROPERTY FOR OPT SERVICES2,HNMADFTL,"{'latitude': 40.42748, 'longitude': -3.68502}",{'countryCode': 'ES'},0,2023-06-15T11:11:26
HN,MAD,502338695,TEST PROPERTY FOR OPT SERVICES10,HNMADGLB,"{'latitude': 40.42748, 'longitude': -3.68502}",{'countryCode': 'ES'},0,2023-06-15T10:29:50
HN,MAD,502338693,TEST PROPERTY FOR OPT SERVICES12,HNMADTPN,"{'latitude': 40.42748, 'longitude': -3.68502}",{'countryCode': 'ES'},0,2023-06-15T11:11:15
HN,MAD,502322161,TEST HOTEL HOT,HNMAD123,"{'latitude': 40.41669, 'longitude': -3.70035}",{'countryCode': 'ES'},0,2023-06-15T11:08:34
HN,MAD,502322388,TEST HOTEL  FOR HOT,HNMAD999,"{'latitude': 40.41669, 'longitude': -3.70035}",{'countryCode': 'ES'},0,2023-06-15T11:11:15
HS,MAD,700094386,LAS LEYENDAS,HSMADANJ,"{'latitude': 40.65401, 'longitude': -4.69995}",{'countryCode': 'ES'},156428,2023-06-15T11:19:08
HS,MAD,700033256,FONTECRUZ AVILA GOLF,HSMADAQY,"{'latitude': 40.63183, 'longitude': -4.64914}",{'countryCode': 'ES'},61259,2023-06-15T11:18:57
HS,MAD,700054441,LAS GACELAS HOTEL RURAL,HSMADAKC,"{'latitude': 40.71109, 'longitude': -3.99404}",{'countryCode': 'ES'},100801,2023-06-15T11:19:08
HS,MAD,700037990,GLOBALES ACIS Y GALATEA,HSMADAHH,"{'latitude': 40.45044, 'longitude': -3.61303}",{'countryCode': 'ES'},68673,2023-06-15T11:16:59
HS,MAD,700004826,ASTURIAS,HSMADABV,"{'latitude': 40.4168, 'longitude': -3.70018}",{'countryCode': 'ES'},8197,2023-06-15T11:19:08
HS,MAD,700149880,MIGUEL DE CERVANTES HOSTAL,HSMADAMD,"{'latitude': 40.48272, 'longitude': -3.36761}",{'countryCode': 'ES'},240231,2023-06-15T10:34:17
HS,MAD,700103574,ALCALA CENTRO APARTHOTEL,HSMADAUJ,"{'latitude': 40.48577, 'longitude': -3.36713}",{'countryCode': 'ES'},167549,2023-06-15T11:05:33
HS,MAD,700026651,DON CARMELO,HSMADAEQ,"{'latitude': 40.6579, 'longitude': -4.6843}",{'countryCode': 'ES'},50344,2023-06-15T10:33:15
HS,MAD,700046570,COMENDADOR,HSMADAGL,"{'latitude': 40.17183, 'longitude': -3.89613}",{'countryCode': 'ES'},85155,2023-06-15T10:35:36
HS,MAD,700156441,MADRID CENTRAL SUITES APARTAMENTOS,HSMADACU,"{'latitude': 40.42734, 'longitude': -3.70104}",{'countryCode': 'ES'},249829,2023-06-15T10:34:02
HS,MAD,502023443,BALLESTA HOSTAL,HSMADAOC,"{'latitude': 40.4215, 'longitude': -3.70352}",{'countryCode': 'ES'},0,2023-06-15T11:08:03
HS,MAD,700032834,SAN LORENZO HOSTAL,HSMADAIG,"{'latitude': 40.4204, 'longitude': -3.6992}",{'countryCode': 'ES'},60631,2023-06-15T10:37:42
HS,MAD,700049515,MARLASCA HOSTAL,HSMADAHR,"{'latitude': 40.41559, 'longitude': -3.70183}",{'countryCode': 'ES'},90100,2023-06-15T11:05:54
HS,MAD,700184939,ESMERALDA HOSTAL,HSMADAPS,"{'latitude': 40.41666, 'longitude': -3.70154}",{'countryCode': 'ES'},315049,2023-06-15T10:39:31
HS,MAD,700132494,SALAMANCA HOSTAL,HSMADANE,"{'latitude': 40.43016, 'longitude': -3.68059}",{'countryCode': 'ES'},210830,2023-06-15T10:31:40
HS,MAD,700025901,NEGRESCO,HSMADAFV,"{'latitude': 40.4195, 'longitude': -3.7042}",{'countryCode': 'ES'},49379,2023-06-15T10:38:44
HS,MAD,700024853,AVENIDA GRAN VIA,HSMADAKF,"{'latitude': 40.41972, 'longitude': -3.70409}",{'countryCode': 'ES'},47900,2023-06-15T11:15:45
HS,MAD,700038242,A-H PLAZA DEL LICEO,HSMADAOU,"{'latitude': 40.45706, 'longitude': -3.64796}",{'countryCode': 'ES'},69153,2023-06-15T10:35:21
HS,MAD,700131347,EL PASAJE,HSMADAJV,"{'latitude': 40.41625, 'longitude': -3.7013}",{'countryCode': 'ES'},208752,2023-06-15T10:39:16
HS,MAD,700038243,A-H EL PARQUE,HSMADAHX,"{'latitude': 40.45109, 'longitude': -3.6523}",{'countryCode': 'ES'},69154,2023-06-15T10:37:42
HS,MAD,700032766,SONSOLES HOSTAL,HSMADAIR,"{'latitude': 40.42114, 'longitude': -3.70132}",{'countryCode': 'ES'},60516,2023-06-15T11:07:20
HS,MAD,700072285,LUIS XV. HOSTAL,HSMADAMH,"{'latitude': 40.41973, 'longitude': -3.7018}",{'countryCode': 'ES'},125341,2023-06-15T11:06:05
HS,MAD,700147905,HOTEL MIRAFLORES,HSMADAPI,"{'latitude': 40.81127, 'longitude': -3.769}",{'countryCode': 'ES'},237577,2023-06-15T10:31:56
HS,MAD,700169488,EL TORREON DE NAVACERRADA OPTIMAL HOTELS,HSMADAUF,"{'latitude': 40.72514, 'longitude': -4.02067}",{'countryCode': 'ES'},274660,2023-06-15T11:07:20
HS,MAD,700162089,RINCON DE TRASPALACIO,HSMADAVK,"{'latitude': 40.50033, 'longitude': -4.2371}",{'countryCode': 'ES'},259884,2023-06-15T10:35:21
HS,MAD,700169492,PRADERON,HSMADATY,"{'latitude': 40.55645, 'longitude': -3.6266}",{'countryCode': 'ES'},274669,2023-06-15T10:38:29
HS,MAD,700094646,LA CASA MUDEJAR HOTEL - SPA,HSMADASA,"{'latitude': 40.94977, 'longitude': -4.12395}",{'countryCode': 'ES'},156741,2023-06-15T10:32:12
HS,MAD,700138834,HOSTERIA DEL MUDEJAR,HSMADANL,"{'latitude': 40.84153, 'longitude': -4.62302}",{'countryCode': 'ES'},222291,2023-06-15T11:10:33
IN,MAD,700211421,HOTEL INDIGO GRAN VIA,INMAD23B,"{'latitude': 40.42073, 'longitude': -3.70744}",{'countryCode': 'ES'},391308,2023-06-15T11:08:04
KY,MAD,700025935,HOTEL CISNEROS - ALCALA DE HENARES,KYMADCIS,"{'latitude': 40.47141, 'longitude': -3.3667}",{'countryCode': 'ES'},49413,2023-06-15T09:52:39
KY,MAD,700024528,PALACIO DE LOS VELADA - AVILA,KYMADPAL,"{'latitude': 40.65621, 'longitude': -4.69818}",{'countryCode': 'ES'},47370,2023-06-15T10:16:44
KY,MAD,700025920,HOTEL H2 GETAFE,KYMADGET,"{'latitude': 40.31698, 'longitude': -3.73449}",{'countryCode': 'ES'},49398,2023-06-15T10:23:17
KY,MAD,700049517,GRAN HOTEL LAS ROZAS,KYMADROZ,"{'latitude': 40.54484, 'longitude': -3.8952}",{'countryCode': 'ES'},90103,2023-06-15T09:53:58
KY,MAD,700094556,SHS AEROPUERTO,KYMADSHS,"{'latitude': 40.50048, 'longitude': -3.33724}",{'countryCode': 'ES'},156630,2023-06-15T09:57:06
KY,MAD,700094544,EXE AMADOR DE LOS RIOS,KYMADAMA,"{'latitude': 40.42714, 'longitude': -3.69133}",{'countryCode': 'ES'},156617,2023-06-15T09:52:23
KY,MAD,700147531,EUROSTARS ARENAS DE PINTO,KYMAD9UJ,"{'latitude': 40.34516, 'longitude': -3.71114}",{'countryCode': 'ES'},237046,2023-06-15T10:15:41
KY,MAD,700056752,LA POSADA DE EL CHAFLAN,KYMADARI,"{'latitude': 40.46683, 'longitude': -3.67436}",{'countryCode': 'ES'},104153,2023-06-15T09:52:23
KY,MAD,700024226,ESPAHOTEL GRAN VIA 65,KYMADGRA,"{'latitude': 40.42277, 'longitude': -3.70975}",{'countryCode': 'ES'},46893,2023-06-15T09:52:23
KY,MAD,700025931,HOTEL OSUNA,KYMADOSU,"{'latitude': 40.45286, 'longitude': -3.61344}",{'countryCode': 'ES'},49409,2023-06-15T10:30:06
KY,MAD,700025349,GRAN HOTEL VELAZQUEZ,KYMADLAZ,"{'latitude': 40.42816, 'longitude': -3.68388}",{'countryCode': 'ES'},48712,2023-06-15T10:30:06
KY,MAD,700025906,ESPAHOTEL PLAZA BASILICA,KYMADBAS,"{'latitude': 40.44966, 'longitude': -3.69852}",{'countryCode': 'ES'},49384,2023-06-15T09:52:07
KY,MAD,700033111,GRAN ATLANTA HOTEL,KYMADATL,"{'latitude': 40.45023, 'longitude': -3.69824}",{'countryCode': 'ES'},61040,2023-06-15T09:52:23
KY,MAD,700007795,GRAN VERSALLES,KYMADVER,"{'latitude': 40.42831, 'longitude': -3.6971}",{'countryCode': 'ES'},13408,2023-06-15T09:56:19
KY,MAD,700094553,HOTEL JULIA,KYMADJUL,"{'latitude': 40.43419, 'longitude': -3.63269}",{'countryCode': 'ES'},156627,2023-06-15T10:30:06
KY,MAD,700061706,SUITE PRADOHOTEL,KYMADSUI,"{'latitude': 40.41513, 'longitude': -3.69915}",{'countryCode': 'ES'},111030,2023-06-15T09:59:12
KY,MAD,700211471,HOTEL DOME MADRID,KYMADDOM,"{'latitude': 40.51379, 'longitude': -3.67301}",{'countryCode': 'ES'},391440,2023-06-15T10:33:32
KY,MAD,700094543,APARTO-HOTEL ROSALES,KYMADROS,"{'latitude': 40.42964, 'longitude': -3.71879}",{'countryCode': 'ES'},156616,2023-06-15T09:59:12
KY,MAD,700094561,GRAN LEGAZPI,KYMADLEG,"{'latitude': 40.39188, 'longitude': -3.69605}",{'countryCode': 'ES'},156635,2023-06-15T09:52:23
KY,MAD,700070373,ESPAHOTEL PLAZA ESPANA,KYMADPLA,"{'latitude': 40.4224, 'longitude': -3.71218}",{'countryCode': 'ES'},121502,2023-06-15T09:53:10
KY,MAD,700042340,EUROSTARS I-HOTEL,KYMADIHO,"{'latitude': 40.39706, 'longitude': -3.79553}",{'countryCode': 'ES'},77124,2023-06-15T09:53:26
KY,MAD,700031287,POZUELO - POZUELO DE ALARCON,KYMADPOZ,"{'latitude': 40.43765, 'longitude': -3.81801}",{'countryCode': 'ES'},57551,2023-06-15T09:52:39
KY,MAD,700023502,ALFONSO VI-TOLEDO,KYMADALF,"{'latitude': 39.63491, 'longitude': -4.47584}",{'countryCode': 'ES'},42145,2023-06-15T09:52:23
KY,MAD,700041587,FONTECRUZ TOLEDO - TOLEDO,KYMADEUG,"{'latitude': 39.85555, 'longitude': -4.02604}",{'countryCode': 'ES'},75848,2023-06-15T09:52:23
KY,MAD,700025315,EXE CARLOS V - TOLEDO,KYMADCAL,"{'latitude': 39.85761, 'longitude': -4.02192}",{'countryCode': 'ES'},48670,2023-06-15T09:52:23
KY,MAD,700094677,RESTON VALDEMORO,KYMADRES,"{'latitude': 40.1832, 'longitude': -3.68163}",{'countryCode': 'ES'},156777,2023-06-15T09:52:39
LE,MAD,700148715,PETIT PALACE SAVOY ALFONSO XII,LEMADPPS,"{'latitude': 40.41723, 'longitude': -3.68921}",{'countryCode': 'ES'},238667,2023-06-15T10:24:52
LE,MAD,700025953,SENATOR GRAN VIA 21 HOTEL,LEMADVIA,"{'latitude': 40.41997, 'longitude': -3.70151}",{'countryCode': 'ES'},49432,2023-06-15T10:16:44
LE,MAD,700026577,SENATOR GRAN VIA 70 SPA HOTEL,LEMADESP,"{'latitude': 40.42257, 'longitude': -3.70963}",{'countryCode': 'ES'},50256,2023-06-15T10:18:18
LE,MAD,700148092,PETIT PALACE SANTA BARBARA,LEMADSBA,"{'latitude': 40.42642, 'longitude': -3.69671}",{'countryCode': 'ES'},237831,2023-06-15T09:55:48
LE,MAD,700010688,HOTEL OPERA,LEMAD294,"{'latitude': 40.41878, 'longitude': -3.71028}",{'countryCode': 'ES'},18332,2023-06-15T09:53:42
LW,MAD,700014038,HOTEL VILLA MAGNA,LWMAD433,"{'latitude': 40.42965, 'longitude': -3.68884}",{'countryCode': 'ES'},23929,2023-06-15T09:44:16
LX,MAD,700014060,VILLA REAL HOTEL,LXMADVIL,"{'latitude': 40.41556, 'longitude': -3.697}",{'countryCode': 'ES'},23992,2023-06-15T09:54:29
ME,MAD,502148737,GROUPS TESTING ANVITY3,MEMAD312,"{'latitude': 40.42028, 'longitude': -3.70577}",{'countryCode': 'ES'},0,2023-06-15T10:22:14
ME,MAD,502148674,SHREYA ANVITY PROPERTY1,MEMAD511,"{'latitude': 40.42028, 'longitude': -3.70577}",{'countryCode': 'ES'},0,2023-06-15T10:21:58
ME,MAD,502148675,SHREYA ANVITY PROPERTY1,MEMAD512,"{'latitude': 40.42028, 'longitude': -3.70577}",{'countryCode': 'ES'},0,2023-06-15T10:22:14
ME,MAD,502148677,SHREYA ANVITY PROPERTY1,MEMAD514,"{'latitude': 40.42028, 'longitude': -3.70577}",{'countryCode': 'ES'},0,2023-06-15T10:22:14
ME,MAD,700156672,SHREYA ANVITY PROPERTY1,MEMAD600,"{'latitude': 40.42028, 'longitude': -3.70577}",{'countryCode': 'ES'},250127,2023-06-15T10:22:14
ME,MAD,502148733,SHREYA ANVITY PROPERTY1,MEMAD801,"{'latitude': 40.42028, 'longitude': -3.70577}",{'countryCode': 'ES'},0,2023-06-15T10:22:14
ME,MAD,502148734,SHREYA ANVITY PROPERTY1,MEMAD802,"{'latitude': 40.42028, 'longitude': -3.70577}",{'countryCode': 'ES'},0,2023-06-15T10:21:42
ME,MAD,502148736,SHREYA ANVITY PROPERTY1,MEMAD804,"{'latitude': 40.42028, 'longitude': -3.70577}",{'countryCode': 'ES'},0,2023-06-15T10:22:14
NN,MAD,700042447,CAMPANILE MADRID - ALCALA DE HENARES,NNMADC01,"{'latitude': 40.48239, 'longitude': -3.39454}",{'countryCode': 'ES'},77341,2023-06-15T09:54:29
NN,MAD,700042448,CAMPANILE MADRID - LAS ROZAS,NNMADC02,"{'latitude': 40.60502, 'longitude': -3.9684}",{'countryCode': 'ES'},77342,2023-06-15T09:54:14
NS,MAD,700032964,NH COLLECTION PALACIO ARANJUEZ,NSMADPAZ,"{'latitude': 40.03376, 'longitude': -3.60823}",{'countryCode': 'ES'},60806,2023-06-15T09:54:14
NS,MAD,700030491,NH CIUDAD DE CUENCA,NSMADCUE,"{'latitude': 40.06237, 'longitude': -2.13237}",{'countryCode': 'ES'},56252,2023-06-15T09:57:06
NS,MAD,700032827,NH MADRID PUERTA DE ALCALA,NSMADALC,"{'latitude': 40.42226, 'longitude': -3.68126}",{'countryCode': 'ES'},60624,2023-06-15T09:56:35
NS,MAD,700032963,NH MADRID SUR,NSMADPAC,"{'latitude': 40.39871, 'longitude': -3.67003}",{'countryCode': 'ES'},60805,2023-06-15T09:56:51
NS,MAD,700071480,NH MADRID LAS TABLAS,NSMADLTA,"{'latitude': 40.49543, 'longitude': -3.66782}",{'countryCode': 'ES'},124296,2023-06-15T10:00:46
NS,MAD,700019407,NH COLLECTION MADRID ABASCAL,NSMADABA,"{'latitude': 40.43844, 'longitude': -3.69466}",{'countryCode': 'ES'},34276,2023-06-15T09:58:09
NS,MAD,700032957,NH MADRID SANVY,NSMADSAN,"{'latitude': 40.42618, 'longitude': -3.68899}",{'countryCode': 'ES'},60799,2023-06-15T09:59:12
NS,MAD,700032959,NH COLLECTION EUROBUILDING,NSMADERB,"{'latitude': 40.45864, 'longitude': -3.68558}",{'countryCode': 'ES'},60801,2023-06-15T09:59:12
NS,MAD,700025813,NH PASEO DE LA HABANA,NSMADHAB,"{'latitude': 40.45574, 'longitude': -3.68178}",{'countryCode': 'ES'},49273,2023-06-15T09:57:06
NS,MAD,700007097,NH MADRID ALONSO MARTINEZ,NSMADEMB,"{'latitude': 40.42887, 'longitude': -3.69601}",{'countryCode': 'ES'},12101,2023-06-15T09:56:19
NS,MAD,700032760,NH MADRID ZURBANO,NSMADZUR,"{'latitude': 40.43869, 'longitude': -3.69286}",{'countryCode': 'ES'},60507,2023-06-15T09:54:14
NS,MAD,700027199,NH BARAJAS,NSMADBAR,"{'latitude': 40.45233, 'longitude': -3.59466}",{'countryCode': 'ES'},51072,2023-06-15T09:59:27
NS,MAD,700032961,NH VILLA DE COSLADA,NSMADCOS,"{'latitude': 40.42765, 'longitude': -3.56059}",{'countryCode': 'ES'},60803,2023-06-15T09:56:19
NS,MAD,700032968,NH MONTE ROZAS,NSMADMON,"{'latitude': 40.49197, 'longitude': -3.87457}",{'countryCode': 'ES'},60810,2023-06-15T09:59:12
NS,MAD,700032956,NH LEGANES,NSMADLGA,"{'latitude': 40.32761, 'longitude': -3.74577}",{'countryCode': 'ES'},60798,2023-06-15T09:53:58
NS,MAD,700032967,NH POZUELO CIUDAD DE LA IMAGEN,NSMADIMA,"{'latitude': 40.39803, 'longitude': -3.78781}",{'countryCode': 'ES'},60809,2023-06-15T09:54:30
NS,MAD,700027049,NH EL ESCORIAL VICTORIA PALACE,NSMADVIC,"{'latitude': 40.59151, 'longitude': -4.14404}",{'countryCode': 'ES'},50865,2023-06-15T10:10:59
OI,MAD,502344787,WBS DRI TEST PROP,OIMADVHO,"{'latitude': 0.0, 'longitude': 0.0}",{'countryCode': 'ES'},0,2023-06-15T11:11:16
OI,MAD,502345061,TEST PROPERTY FOR WBS TESTING VPG,OIMADGZR,"{'latitude': 0.0, 'longitude': 0.0}",{'countryCode': 'ES'},0,2023-03-29T06:49:12
OI,MAD,502345163,NEW TEST PROPERTY5,OIMADSFV,"{'latitude': 0.0, 'longitude': 0.0}",{'countryCode': 'ES'},0,2023-04-28T10:12:18
OI,MAD,502345151,TEST LINKHOTEL,OIMAD223,"{'latitude': 0.0, 'longitude': 0.0}",{'countryCode': 'ES'},0,2023-04-24T11:38:48
OI,MAD,502345150,NEW TEST PROPERTY3,OIMADLPO,"{'latitude': 0.0, 'longitude': 0.0}",{'countryCode': 'ES'},0,2023-04-24T09:01:37
OI,MAD,502338727,NEW WBS TEST PROPERTY,OIMADGDB,"{'latitude': 0.0, 'longitude': 0.0}",{'countryCode': 'ES'},0,2023-06-15T11:09:29
OI,MAD,502338803,NEW TEST PROPERTY FOR E2E FLOW,OIMADBPM,"{'latitude': 0.0, 'longitude': 0.0}",{'countryCode': 'ES'},0,2023-06-15T11:05:02
OI,MAD,502344767,DUMMY PROPERTY,OIMADEAF,"{'latitude': 0.0, 'longitude': 0.0}",{'countryCode': 'ES'},0,2023-06-15T11:11:16
OI,MAD,502344774,TEST PROP OPT SVC VALIDATION,OIMADYNG,"{'latitude': 0.0, 'longitude': 0.0}",{'countryCode': 'ES'},0,2023-06-15T11:09:29
OI,MAD,502333846,HOSAWAY TEST HOTEL,OIMADHTS,"{'latitude': 0.0, 'longitude': 0.0}",{'countryCode': 'ES'},0,2023-06-15T10:30:22
OI,MAD,502335315,BOOKINGJINI IN TEST HOTEL,OIMADBKN,"{'latitude': 0.0, 'longitude': 0.0}",{'countryCode': 'ES'},0,2023-06-15T11:11:28
OI,MAD,502345051,TEST PROP ROOMCLOUD,OIMADRMC,"{'latitude': 0.0, 'longitude': 0.0}",{'countryCode': 'ES'},0,2023-03-28T07:29:26
OI,MAD,502338587,TRUSTED STA,OIMADTSY,"{'latitude': 0.0, 'longitude': 0.0}",{'countryCode': 'ES'},0,2023-06-15T11:12:11
OI,MAD,502344827,REZEN TEST HOTEL,OIMADRZG,"{'latitude': 0.0, 'longitude': 0.0}",{'countryCode': 'ES'},0,2023-06-15T11:11:16
OI,MAD,502265328,BOOKING PAL HOTEL,OIMADTTT,"{'latitude': 40.40059, 'longitude': -3.67156}",{'countryCode': 'ES'},0,2023-06-15T11:11:39
OI,MAD,700025930,HOTEL MONTE REAL,OIMADHMR,"{'latitude': 40.47502, 'longitude': -3.74242}",{'countryCode': 'ES'},49408,2023-06-15T11:04:50
OI,MAD,700010174,HOTEL MIGUEL ANGEL - MADRID,OIMADMIG,"{'latitude': 40.43741, 'longitude': -3.69124}",{'countryCode': 'ES'},17447,2023-06-15T11:06:28
OI,MAD,700094541,HOTEL ABALU,OIMADHAB,"{'latitude': 40.4239, 'longitude': -3.70571}",{'countryCode': 'ES'},156614,2023-06-15T11:08:35
OI,MAD,502326332,HOTEL TEST AVIRATO,OIMADAVI,"{'latitude': 40.43986, 'longitude': -3.65697}",{'countryCode': 'ES'},0,2023-06-15T11:11:28
OI,MAD,502322631,KROSS BOOKING TEST PROPERTY,OIMADKRO,"{'latitude': 40.32298, 'longitude': -3.77928}",{'countryCode': 'ES'},0,2023-06-15T11:06:06
OI,MAD,700228447,HOTEL REZEXCHANGE TEST PROPERTIES,OIMADRZE,"{'latitude': 12.0, 'longitude': 12.0}",{'countryCode': 'US'},417661,2023-06-15T14:12:22
OI,MAD,700124089,HOTEL AVANT AEROPUERTO - TORREJON DE ARD,OIMADAVA,"{'latitude': 40.44533, 'longitude': -3.48575}",{'countryCode': 'ES'},195936,2023-06-15T10:29:50
ON,MAD,700046821,HOTEL ISLA DE LA GARENA-ALCALA D,ONMADISL,"{'latitude': 40.48122, 'longitude': -3.40504}",{'countryCode': 'ES'},85674,2023-06-15T11:05:44
ON,MAD,700031480,HOTEL ATLANTICO,ONMADATL,"{'latitude': 40.42046, 'longitude': -3.70456}",{'countryCode': 'ES'},57827,2023-06-15T10:39:33
ON,MAD,700035022,LUSSO INFANTAS,ONMADLUS,"{'latitude': 40.42002, 'longitude': -3.69704}",{'countryCode': 'ES'},64662,2023-06-15T11:05:34
PH,MAD,700019951,HESPERIA MADRID PREFERRED HOTE,PHMADHMH,"{'latitude': 40.43898, 'longitude': -3.69156}",{'countryCode': 'ES'},35465,2023-06-15T10:31:25
PH,MAD,700027031,NH COLLECTION PASEO DEL PRADO,PHMADPAS,"{'latitude': 40.4153, 'longitude': -3.69477}",{'countryCode': 'ES'},50834,2023-06-15T11:10:23
RD,MAD,700144622,RADISSON BLU MADRID PRADO,RDMAD137,"{'latitude': 40.41255, 'longitude': -3.69569}",{'countryCode': 'ES'},233070,2023-06-15T10:15:57
RT,MAD,501440614,IBIS BUDGET ALCALA DE HENARES,RTMADRES,"{'latitude': 40.50054, 'longitude': -3.33719}",{'countryCode': 'ES'},0,2023-06-15T11:09:08
RT,MAD,700094491,IBIS MADRID GETAFE,RTMADGTF,"{'latitude': 40.31622, 'longitude': -3.73543}",{'countryCode': 'ES'},156557,2023-06-15T09:58:09
RT,MAD,700094555,IBIS MADRID AEROPUERTO,RTMADIIS,"{'latitude': 40.47023, 'longitude': -3.58066}",{'countryCode': 'ES'},156629,2023-06-15T09:54:30
RT,MAD,700026135,NOVOTEL MADRID CAMPO NACIONES,RTMADCMP,"{'latitude': 40.46248, 'longitude': -3.61447}",{'countryCode': 'ES'},49653,2023-06-15T09:54:14
RT,MAD,700007916,IBIS STYLES MADRID PRADO,RTMADPRA,"{'latitude': 40.41483, 'longitude': -3.69883}",{'countryCode': 'ES'},13583,2023-06-15T09:50:03
RT,MAD,700012793,MERCURE MADRID PLAZA DE ESPANA,RTMADPUL,"{'latitude': 40.42566, 'longitude': -3.7138}",{'countryCode': 'ES'},21818,2023-06-15T09:59:12
RT,MAD,700094375,IBIS MADRID ALCORCON TRESAGUAS,RTMADALR,"{'latitude': 40.35685, 'longitude': -3.8225}",{'countryCode': 'ES'},156412,2023-06-15T09:59:28
RT,MAD,700219108,IBIS BUDGET MADRID GETAFE,RTMADAFE,"{'latitude': 40.27676, 'longitude': -3.69528}",{'countryCode': 'ES'},403831,2023-06-15T11:08:36
RT,MAD,700183254,IBIS BUDGET MADRID VALLECAS,RTMADCAS,"{'latitude': 40.37228, 'longitude': -3.64076}",{'countryCode': 'ES'},301534,2023-06-15T11:08:25
RT,MAD,501440616,IBIS BUDGET MADRID LAS VENTAS,RTMADTAS,"{'latitude': 40.4326, 'longitude': -3.65621}",{'countryCode': 'ES'},0,2023-06-15T11:08:25
RT,MAD,700183253,IBIS BUDGET MADRID V BEATO,RTMADATO,"{'latitude': 40.43933, 'longitude': -3.62712}",{'countryCode': 'ES'},301533,2023-06-15T11:08:25
SI,MAD,700040933,SHERATON MADRID MIRASIERRA HOTEL & SPA,SIMAD787,"{'latitude': 40.48706, 'longitude': -3.70244}",{'countryCode': 'ES'},74616,2023-06-15T09:45:51
SM,MAD,700024351,MELIA BARAJAS,SMMADBAR,"{'latitude': 40.46956, 'longitude': -3.58134}",{'countryCode': 'ES'},47123,2023-06-15T09:54:14
SM,MAD,700001545,MELIA GALGOS,SMMAD130,"{'latitude': 40.43565, 'longitude': -3.68529}",{'countryCode': 'ES'},2399,2023-06-15T09:57:07
SM,MAD,700001543,MELIA AVENIDA DE AMERICA,SMMAD133,"{'latitude': 40.44777, 'longitude': -3.62826}",{'countryCode': 'ES'},2397,2023-06-15T09:58:09
SM,MAD,700013044,INNSIDE SUECIA,SMMADSUE,"{'latitude': 40.41792, 'longitude': -3.69616}",{'countryCode': 'ES'},22271,2023-06-15T10:36:24
SM,MAD,700070374,TRYP CENTRO NORTE APT,SMMADPCN,"{'latitude': 40.47187, 'longitude': -3.68569}",{'countryCode': 'ES'},121503,2023-06-15T09:56:36
TG,MAD,700034115,TRAVELODGE MADRID TORRELAGUNA,TGMAD003,"{'latitude': 40.44545, 'longitude': -3.65539}",{'countryCode': 'ES'},63278,2023-06-15T10:18:03
TG,MAD,700189965,TRAVELODGE MADRID ALCALA,TGMAD015,"{'latitude': 40.43692, 'longitude': -3.631}",{'countryCode': 'ES'},367170,2023-06-15T10:28:48
TY,MAD,700079122,PARADOR DE ALCALA,TYMADALC,"{'latitude': 40.48149, 'longitude': -3.36241}",{'countryCode': 'ES'},135077,2023-06-15T10:14:55
TY,MAD,700020185,PARADOR DE AVILA,TYMADAVI,"{'latitude': 40.6579, 'longitude': -4.7015}",{'countryCode': 'ES'},35977,2023-06-15T10:12:49
TY,MAD,700041982,HOTEL MIDAMA,TYMADDAM,"{'latitude': 40.10515, 'longitude': -2.22195}",{'countryCode': 'ES'},76505,2023-06-15T10:18:03
TY,MAD,700001506,PARADOR DE CUENCA,TYMADCUE,"{'latitude': 40.07868, 'longitude': -2.12644}",{'countryCode': 'ES'},2352,2023-06-15T10:14:23
TY,MAD,700141746,HOTEL INFANTE,TYMADINF,"{'latitude': 40.63476, 'longitude': -3.16913}",{'countryCode': 'ES'},227974,2023-06-15T10:12:34
TY,MAD,700013783,HOTEL REX,TYMADTRR,"{'latitude': 40.42066, 'longitude': -3.70677}",{'countryCode': 'ES'},23412,2023-06-15T10:16:14
TY,MAD,700010361,MURALTO SUITES,TYMADMUR,"{'latitude': 40.4294, 'longitude': -3.71643}",{'countryCode': 'ES'},17772,2023-06-15T10:15:10
TY,MAD,700166030,POSADA DEL DRAGON,TYMADDRA,"{'latitude': 40.41313, 'longitude': -3.70849}",{'countryCode': 'ES'},267259,2023-06-15T10:23:01
TY,MAD,700129179,APARTHOTEL ENCASA,TYMADENC,"{'latitude': 40.40397, 'longitude': -3.59201}",{'countryCode': 'ES'},204908,2023-06-15T10:07:50
TY,MAD,700129224,APARTOSUITES JARDINES DE SABATINI,TYMADPRI,"{'latitude': 40.42085, 'longitude': -3.71475}",{'countryCode': 'ES'},205021,2023-06-15T09:47:09
TY,MAD,700009982,HOTEL MEDIODIA,TYMADMED,"{'latitude': 40.40855, 'longitude': -3.69257}",{'countryCode': 'ES'},17177,2023-06-15T10:20:09
TY,MAD,700020313,PARADOR DE GREDOS - AVILA,TYMADGRE,"{'latitude': 40.35499, 'longitude': -5.11291}",{'countryCode': 'ES'},36177,2023-06-15T10:13:36
TY,MAD,700094601,APARTHOTEL VILLA DE PARLA,TYMADPAR,"{'latitude': 40.23865, 'longitude': -3.76049}",{'countryCode': 'ES'},156688,2023-06-15T10:02:37
TY,MAD,700001613,PARADOR DE SEGOVIA,TYMADSEG,"{'latitude': 40.96083, 'longitude': -4.11104}",{'countryCode': 'ES'},2476,2023-06-15T10:13:36
TY,MAD,700001522,PARADOR DE SIGUENZA,TYMADSIG,"{'latitude': 41.06477, 'longitude': -2.64153}",{'countryCode': 'ES'},2368,2023-06-15T10:14:23
TY,MAD,700166118,HOSTAL PUERTA DE BISAGRA,TYMADBIS,"{'latitude': 39.86217, 'longitude': -4.02486}",{'countryCode': 'ES'},267383,2023-06-15T10:17:47
TY,MAD,700032920,TH LAS ROZAS,TYMADROZ,"{'latitude': 40.48415, 'longitude': -3.85665}",{'countryCode': 'ES'},60742,2023-06-15T11:09:19
UI,MAD,700033452,PETIT PALACE EMBASSY SERRANO,UIMADPPE,"{'latitude': 40.42754, 'longitude': -3.6829}",{'countryCode': 'ES'},61920,2023-06-15T09:53:12
UI,MAD,700025680,PRAGA HOTEL,UIMADPRA,"{'latitude': 40.39418, 'longitude': -3.70802}",{'countryCode': 'ES'},49113,2023-06-15T09:52:56
UI,MAD,700031289,PETIT PALACE PUERTA DEL SOL,UIMADPPP,"{'latitude': 40.41691, 'longitude': -3.70506}",{'countryCode': 'ES'},57553,2023-06-15T09:53:27
UI,MAD,700025865,PETIT PALACE ARTURO SORIA ALCA,UIMADART,"{'latitude': 40.43995, 'longitude': -3.63927}",{'countryCode': 'ES'},49334,2023-06-15T09:56:36
UI,MAD,700149859,CATALONIA ATOCHA,UIMAD326,"{'latitude': 40.41187, 'longitude': -3.69806}",{'countryCode': 'ES'},240201,2023-06-15T10:20:25
UI,MAD,700117724,AXOR FERIA HOTEL,UIMAD080,"{'latitude': 40.44767, 'longitude': -3.58238}",{'countryCode': 'ES'},183445,2023-06-15T10:14:55
UI,MAD,700034066,CATALONIA GOYA,UIMADCAC,"{'latitude': 40.42507, 'longitude': -3.68214}",{'countryCode': 'ES'},63203,2023-06-15T09:57:23
UI,MAD,700070717,PETIT PALACE MAYOR HOTEL,UIMAD811,"{'latitude': 40.4159, 'longitude': -3.70887}",{'countryCode': 'ES'},122576,2023-06-15T10:04:58
UI,MAD,700035097,VINCCI SOHO HOTEL,UIMADVSM,"{'latitude': 40.41503, 'longitude': -3.69817}",{'countryCode': 'ES'},64840,2023-06-15T10:07:19
UI,MAD,700054440,VINCCI SOMA HOTEL,UIMADPIN,"{'latitude': 40.42492, 'longitude': -3.67826}",{'countryCode': 'ES'},100800,2023-06-15T10:22:30
UI,MAD,700024431,VINCCI CAPITOL,UIMADCPH,"{'latitude': 40.42049, 'longitude': -3.70631}",{'countryCode': 'ES'},47234,2023-06-15T11:08:36
UI,MAD,700047517,VINCCI VIA 66,UIMAD439,"{'latitude': 40.42225, 'longitude': -3.70904}",{'countryCode': 'ES'},86884,2023-06-15T11:08:57
UI,MAD,700024392,SILKEN PUERTA MADRID,UIMADSPM,"{'latitude': 40.44829, 'longitude': -3.63612}",{'countryCode': 'ES'},47177,2023-06-15T09:53:27
UI,MAD,700165136,PETIT PALACE LEALTAD PLAZA,UIMADPPL,"{'latitude': 40.41651, 'longitude': -3.69093}",{'countryCode': 'ES'},265660,2023-06-15T10:27:29
UI,MAD,700041299,CATALONIA LAS CORTES HOTEL,UIMADCLC,"{'latitude': 40.41467, 'longitude': -3.69951}",{'countryCode': 'ES'},75340,2023-06-15T09:54:14
UI,MAD,700222604,APART HOTEL SERRANO RECOLETOS,UIMADREC,"{'latitude': 40.4231, 'longitude': -3.69077}",{'countryCode': 'ES'},408661,2023-06-15T11:08:47
UI,MAD,700019950,PETIT PALACE CLIPER,UIMADCLI,"{'latitude': 40.41984, 'longitude': -3.70349}",{'countryCode': 'ES'},35463,2023-06-15T09:54:14
UI,MAD,700025975,PETIT PALACE MADRID AEROPUERTO,UIMADMAD,"{'latitude': 40.45859, 'longitude': -3.58221}",{'countryCode': 'ES'},49456,2023-06-15T09:52:40
UI,MAD,700015081,H10 VILLA DE LA REINA,UIMAD30A,"{'latitude': 40.42001, 'longitude': -3.70032}",{'countryCode': 'ES'},25968,2023-06-15T09:53:12
UI,MAD,501120381,PETIT PALACE ITALIA GRAN VIA HOTEL,UIMADPPI,"{'latitude': 40.42044, 'longitude': -3.70302}",{'countryCode': 'ES'},0,2023-06-15T09:53:12
UI,MAD,700027026,SILKEN TORRE GARDEN HOTEL,UIMADSTG,"{'latitude': 40.41485, 'longitude': -3.62141}",{'countryCode': 'ES'},50829,2023-06-15T09:52:09
UI,MAD,700022875,PETIT PALACE DUCAL CHUECA HOTEL,UIMADPET,"{'latitude': 40.42028, 'longitude': -3.70098}",{'countryCode': 'ES'},40899,2023-06-15T09:52:09
UI,MAD,700025971,HOTEL SERRANO,UIMAD926,"{'latitude': 40.43118, 'longitude': -3.68732}",{'countryCode': 'ES'},49452,2023-06-15T10:30:54
UI,MAD,700070716,MAYDRIT HOTEL,UIMAD854,"{'latitude': 40.4514, 'longitude': -3.59311}",{'countryCode': 'ES'},122574,2023-06-15T10:11:46
UI,MAD,700017714,INTUR PALACIO SAN MARTIN HOTEL,UIMADMAR,"{'latitude': 40.41851, 'longitude': -3.70706}",{'countryCode': 'ES'},30806,2023-06-15T10:04:11
UI,MAD,700040936,PETIT PALACE PLAZA DEL CARMEN,UIMADPPC,"{'latitude': 40.41851, 'longitude': -3.70287}",{'countryCode': 'ES'},74619,2023-06-15T09:52:56
UI,MAD,700034064,PETIT PALACE POSADA DEL PEINE,UIMADPPO,"{'latitude': 40.41573, 'longitude': -3.70612}",{'countryCode': 'ES'},63200,2023-06-15T09:52:09
UI,MAD,700025280,AGUMAR HOTEL,UIMADAGU,"{'latitude': 40.40672, 'longitude': -3.68327}",{'countryCode': 'ES'},48617,2023-06-15T09:59:13
UI,MAD,700094539,VP JARDIN METROPOLITANO HOTEL,UIMADMET,"{'latitude': 40.44713, 'longitude': -3.70691}",{'countryCode': 'ES'},156612,2023-06-15T09:54:46
UI,MAD,700044278,LIABENY HOTEL,UIMADLIA,"{'latitude': 40.41861, 'longitude': -3.70398}",{'countryCode': 'ES'},80721,2023-06-15T10:12:34
UI,MAD,700042195,PETIT PALACE SAN BERNARDO,UIMADPSB,"{'latitude': 40.42981, 'longitude': -3.70594}",{'countryCode': 'ES'},76921,2023-06-15T09:52:09
UI,MAD,700050225,ECO ALCALA SUITES,UIMAD177,"{'latitude': 40.43771, 'longitude': -3.63165}",{'countryCode': 'ES'},91619,2023-06-15T10:29:19
UI,MAD,700040733,SILKEN PUERTA AMERICA,UIMADSPA,"{'latitude': 40.43883, 'longitude': -3.67538}",{'countryCode': 'ES'},73884,2023-06-15T09:53:12
UI,MAD,700026130,AMURA ALCOBENDAS HOTEL,UIMADAMA,"{'latitude': 40.53591, 'longitude': -3.6415}",{'countryCode': 'ES'},49648,2023-06-15T09:54:30
UI,MAD,700059758,LA MORALEJA HOTEL,UIMADLAM,"{'latitude': 40.51592, 'longitude': -3.65594}",{'countryCode': 'ES'},108276,2023-06-15T09:53:27
UI,MAD,700026083,GLOBALES DE LOS REYES HOTEL,UIMADREY,"{'latitude': 40.56104, 'longitude': -3.63088}",{'countryCode': 'ES'},49593,2023-06-15T09:42:27
UZ,MAD,700154831,LUXURY SUITES HOTEL,UZMAD513,"{'latitude': 40.41989, 'longitude': -3.69146}",{'countryCode': 'ES'},247610,2023-06-15T10:23:49
UZ,MAD,700027734,LOS ARCOS HOTEL- SEGOVIA,UZMAD989,"{'latitude': 40.94364, 'longitude': -4.12015}",{'countryCode': 'ES'},51886,2023-06-15T09:52:09
VP,MAD,502345029,TEST PROPERTY FOR VP,VPMADYNJ,"{'latitude': -17.78306, 'longitude': 177.21639}",{'countryCode': 'ES'},0,2023-04-28T09:00:17
VP,MAD,502345232,NEW PROPERTY FOR PROMOTIONS TESTING8,VPMADUWX,"{'latitude': 0.0, 'longitude': 0.0}",{'countryCode': 'ES'},0,2023-05-29T10:31:57
VP,MAD,502345237,NEW PROPERTY FOR PROMOTIONS TESTING13,VPMADCVW,"{'latitude': 0.0, 'longitude': 0.0}",{'countryCode': 'ES'},0,2023-05-29T11:01:50
VP,MAD,502345241,NEW PROPERTY FOR PROMOTIONS TESTING17,VPMADKJC,"{'latitude': 0.0, 'longitude': 0.0}",{'countryCode': 'ES'},0,2023-05-29T11:09:16
VP,MAD,502345245,NEW PROPERTY FOR PROMOTIONS TESTING21,VPMADBHG,"{'latitude': 0.0, 'longitude': 0.0}",{'countryCode': 'ES'},0,2023-05-29T11:14:47
VP,MAD,502345236,NEW PROPERTY FOR PROMOTIONS TESTING12,VPMADAQA,"{'latitude': 0.0, 'longitude': 0.0}",{'countryCode': 'ES'},0,2023-05-29T11:00:10
VP,MAD,502345240,NEW PROPERTY FOR PROMOTIONS TESTING16,VPMADLVR,"{'latitude': 0.0, 'longitude': 0.0}",{'countryCode': 'ES'},0,2023-05-29T11:07:59
VP,MAD,502345246,NEW PROPERTY FOR PROMOTIONS TESTING4,VPMADPBG,"{'latitude': 0.0, 'longitude': 0.0}",{'countryCode': 'ES'},0,2023-05-30T05:22:14
VP,MAD,502345247,NEW PROPERTY FOR PROMOTIONS TESTING1,VPMADVXI,"{'latitude': 0.0, 'longitude': 0.0}",{'countryCode': 'ES'},0,2023-05-30T05:31:22
VP,MAD,502345244,NEW PROPERTY FOR PROMOTIONS TESTING20,VPMADLZF,"{'latitude': 0.0, 'longitude': 0.0}",{'countryCode': 'ES'},0,2023-05-30T08:20:00
VP,MAD,502345243,NEW PROPERTY FOR PROMOTIONS TESTING19,VPMADLOM,"{'latitude': 0.0, 'longitude': 0.0}",{'countryCode': 'ES'},0,2023-05-29T11:13:09
VP,MAD,502345234,NEW PROPERTY FOR PROMOTIONS TESTING10,VPMADUWF,"{'latitude': 0.0, 'longitude': 0.0}",{'countryCode': 'ES'},0,2023-05-29T10:42:58
VP,MAD,502345242,NEW PROPERTY FOR PROMOTIONS TESTING18,VPMADUVX,"{'latitude': 0.0, 'longitude': 0.0}",{'countryCode': 'ES'},0,2023-05-29T11:10:38
VP,MAD,502345229,NEW PROPERTY FOR PROMOTIONS TESTING6,VPMADXSA,"{'latitude': 0.0, 'longitude': 0.0}",{'countryCode': 'ES'},0,2023-05-29T10:25:27
VP,MAD,502345239,NEW PROPERTY FOR PROMOTIONS TESTING15,VPMADOVO,"{'latitude': 0.0, 'longitude': 0.0}",{'countryCode': 'ES'},0,2023-05-29T11:06:39
VP,MAD,502345329,VP TEST PROPERTY SH,VPMAD555,"{'latitude': 0.0, 'longitude': 0.0}",{'countryCode': 'ES'},0,2023-06-15T06:21:25
VP,MAD,502345238,NEW PROPERTY FOR PROMOTIONS TESTING14,VPMADEPL,"{'latitude': 0.0, 'longitude': 0.0}",{'countryCode': 'ES'},0,2023-05-29T11:04:24
VP,MAD,502345235,NEW PROPERTY FOR PROMOTIONS TESTING11,VPMADQEZ,"{'latitude': 0.0, 'longitude': 0.0}",{'countryCode': 'ES'},0,2023-05-29T10:45:12
VP,MAD,502345233,NEW PROPERTY FOR PROMOTIONS TESTING9,VPMADKOQ,"{'latitude': 0.0, 'longitude': 0.0}",{'countryCode': 'ES'},0,2023-05-29T10:37:02
VP,MAD,502345230,NEW PROPERTY FOR PROMOTIONS TESTING2,VPMADSTB,"{'latitude': 0.0, 'longitude': 0.0}",{'countryCode': 'ES'},0,2023-05-29T10:27:53
VP,MAD,502345231,NEW PROPERTY FOR PROMOTIONS TESTING7,VPMADEPW,"{'latitude': 0.0, 'longitude': 0.0}",{'countryCode': 'ES'},0,2023-05-29T10:29:37
WB,MAD,700026440,HOTEL ORFILA,WBMADS20,"{'latitude': 40.42737, 'longitude': -3.69316}",{'countryCode': 'ES'},50066,2023-06-15T09:52:24
WB,MAD,700020292,MOLINO DE ALCUNEZA,WBMADMDA,"{'latitude': 41.10537, 'longitude': -2.60703}",{'countryCode': 'ES'},36135,2023-06-15T10:35:37
WB,MAD,700094671,VALDEPALACIOS,WBMADS31,"{'latitude': 39.90797, 'longitude': -5.17218}",{'countryCode': 'ES'},156770,2023-06-15T10:09:41
WI,MAD,700013562,THE WESTIN PALACE MADRID,WIMAD079,"{'latitude': 40.41575, 'longitude': -3.69573}",{'countryCode': 'ES'},23057,2023-06-15T09:52:09
WK,MAD,700040949,HOTEL PASEO DEL ARTE,WKMADHPD,"{'latitude': 40.40968, 'longitude': -3.69354}",{'countryCode': 'ES'},74647,2023-06-15T11:10:35
WT,MAD,700055845,TRYP MADRID GETAFE LOS ANGELES,WTMAD518,"{'latitude': 40.2961, 'longitude': -3.69082}",{'countryCode': 'ES'},102842,2023-06-15T10:17:16
WT,MAD,700024303,TRYP MADRID ALAMEDA AEROPUERTO,WTMADALA,"{'latitude': 40.46888, 'longitude': -3.58147}",{'countryCode': 'ES'},47034,2023-06-15T10:21:59
WT,MAD,700024354,TRYP MADRID ATOCHA,WTMADATO,"{'latitude': 40.41153, 'longitude': -3.69748}",{'countryCode': 'ES'},47127,2023-06-15T09:45:20
WT,MAD,700013776,TRYP MADRID GRAN VIA,WTMADTRG,"{'latitude': 40.41986, 'longitude': -3.70237}",{'countryCode': 'ES'},23404,2023-06-15T10:15:58
WT,MAD,700189966,TRYP MADRID AIRPORT SUITES,WTMADAIR,"{'latitude': 40.44685, 'longitude': -3.5427}",{'countryCode': 'ES'},367171,2023-06-15T10:29:35
WT,MAD,700013772,TRYP MADRID CIBELES,WTMADTCB,"{'latitude': 40.42073, 'longitude': -3.70394}",{'countryCode': 'ES'},23398,2023-06-15T10:21:43
WT,MAD,700026693,TRYP NAYADE,WTMADNAY,"{'latitude': 40.77774, 'longitude': -4.2117}",{'countryCode': 'ES'},50396,2023-06-15T10:17:48
WT,MAD,700022882,TRYP COMENDADOR,WTMADCOM,"{'latitude': 40.7749, 'longitude': -4.20769}",{'countryCode': 'ES'},40906,2023-06-15T10:15:26
WT,MAD,700035018,TRYP MADRID LEGANES,WTMADLEG,"{'latitude': 40.32964, 'longitude': -3.76361}",{'countryCode': 'ES'},64657,2023-06-15T10:16:14
WV,MAD,700085192,RAFAELHOTELES FORUM ALCALA,WVMADFOR,"{'latitude': 40.48113, 'longitude': -3.37649}",{'countryCode': 'ES'},145191,2023-06-15T10:06:01
WV,MAD,700120786,HOTEL NUEVO BOSTON,WVMADNBO,"{'latitude': 40.44941, 'longitude': -3.57748}",{'countryCode': 'ES'},188245,2023-06-15T10:20:09
WV,MAD,700032832,HOTEL NUEVO MADRID,WVMADNUE,"{'latitude': 40.46974, 'longitude': -3.66933}",{'countryCode': 'ES'},60629,2023-06-15T10:04:11
WV,MAD,700011550,RAFAELHOTELES ATOCHA,WVMAD011,"{'latitude': 40.4028, 'longitude': -3.68809}",{'countryCode': 'ES'},19830,2023-06-15T09:52:24
WV,MAD,700041081,ROOM MATE ALICIA,WVMAD955,"{'latitude': 40.41872, 'longitude': -3.69386}",{'countryCode': 'ES'},74883,2023-06-15T09:52:24
WV,MAD,700042342,ROOM MATE LAURA,WVMADLAU,"{'latitude': 40.41861, 'longitude': -3.70701}",{'countryCode': 'ES'},77126,2023-06-15T09:52:09
WV,MAD,700094428,HOTEL ANTIGUO CONVENTO BOADILLA,WVMADANT,"{'latitude': 40.41617, 'longitude': -3.93002}",{'countryCode': 'ES'},156478,2023-06-15T09:51:37
WW,MAD,700023494,HUSA PRINCESA,WWMADPPL,"{'latitude': 40.42957, 'longitude': -3.71532}",{'countryCode': 'ES'},42135,2023-06-15T09:52:09
WW,MAD,700017112,HOTEL ADLER,WWMADADL,"{'latitude': 40.42534, 'longitude': -3.684}",{'countryCode': 'ES'},29739,2023-06-15T09:53:28
XK,MAD,502030022,NH EUROBUILDING,XKMAD6CV,"{'latitude': 40.45818, 'longitude': -3.68561}",{'countryCode': 'ES'},0,2023-06-15T11:21:39
YX,MAD,700131190,DON PIO HOTEL,YXMADHDP,"{'latitude': 40.4628, 'longitude': -3.67628}",{'countryCode': 'ES'},208453,2023-06-15T10:18:51
YX,MAD,700018150,HOTEL MODERNO PUERTA DEL SOL,YXMADMOD,"{'latitude': 40.41695, 'longitude': -3.70492}",{'countryCode': 'ES'},31725,2023-06-15T10:17:48
